stage,seed,path_found,success,runtime_s,category,joint_continuity_max_delta_rad,collision_check_time_s,endpoint_ik_time_s,feature_time_s,sample_time_s,nearest_time_s,ik_time_s,goal_test_time_s,extend_tree_time_s,attempts,iterations,nodes_created,poses_checked,collision_hits,ik_calls,ik_failures,nodes_with_ik,continuity_rejections
3,0,1,1,2.4175,success,0.157644,0.001588,0.0,2.4e-05,0.001818,0.053277,1.91707,8.9e-05,2.359321,1.0,93.0,462.0,552.0,57.0,1132.0,56.0,524.0,6.0
3,1,1,1,1.0721,success,0.094923,0.001304,0.0,2.4e-05,0.000322,0.005807,0.766972,3.1e-05,1.064285,1.0,21.0,461.0,480.0,16.0,964.0,8.0,476.0,0.0
3,2,1,1,1.4505,success,0.068671,0.001308,0.0,2e-05,0.000439,0.008382,1.103146,3.4e-05,1.440042,1.0,37.0,524.0,558.0,22.0,1127.0,22.0,547.0,2.0
3,3,1,1,2.8576,success,0.186273,0.001455,0.0,2.4e-05,0.00139,0.04454,2.279214,0.00012,2.809339,1.0,84.0,773.0,854.0,47.0,1740.0,64.0,822.0,3.0
3,4,1,1,1.5432,success,0.191905,0.001319,0.0,2.5e-05,0.000558,0.011683,1.147063,2.8e-05,1.529097,1.0,38.0,474.0,510.0,26.0,1031.0,22.0,499.0,0.0
