stage,seed,path_found,success,runtime_s,category,joint_continuity_max_delta_rad,collision_check_time_s,endpoint_ik_time_s,feature_time_s,sample_time_s,nearest_time_s,ik_time_s,goal_test_time_s,extend_tree_time_s,attempts,iterations,nodes_created,poses_checked,collision_hits,ik_calls,ik_failures,nodes_with_ik,continuity_rejections
2,0,1,0,2.5866,collision_failure,0.179201,1e-06,0.0,2.2e-05,0.00086,0.037214,2.503593,7.7e-05,2.547052,1.0,45.0,799.0,840.0,0.0,1720.0,80.0,800.0,2.0
2,1,1,1,2.363,success,0.094923,0.0,0.0,2.9e-05,0.000553,0.023004,2.309412,3.1e-05,2.338748,1.0,21.0,869.0,887.0,0.0,1791.0,36.0,869.0,1.0
2,2,1,0,2.2756,collision_failure,0.142829,1e-06,0.0,4.6e-05,0.000852,0.019734,2.216577,4e-05,2.254129,1.0,37.0,909.0,942.0,0.0,1915.0,62.0,911.0,3.0
2,3,1,0,7.5618,collision_failure,0.138807,0.0,0.0,2.1e-05,0.001855,0.265871,7.201755,0.00014,7.292917,1.0,162.0,2554.0,2703.0,0.0,5543.0,278.0,2564.0,11.0
2,4,1,0,13.9843,collision_failure,0.177688,0.0,0.0,3.1e-05,0.003951,0.601691,13.230337,0.00016,13.377011,1.0,274.0,3816.0,4075.0,0.0,8405.0,510.0,3820.0,5.0
