{
    "BIRRT": [],
    "cuRobo": [],
    "TAMPOR": [
        [
            78543287,
            true,
            199.01422715187073
        ],
        [
            19802734,
            true,
            215.9130187034607
        ],
        [
            37485620,
            true,
            263.1181261539459
        ],
        [
            92013201,
            true,
            264.544180393219
        ],
        [
            19491001,
            true,
            236.178203846723
        ],
        [
            53011314,
            true,
            162.02720093727112
        ],
        [
            67081201,
            true,
            188.9477310180664
        ],
        [
            37475620,
            true,
            201.92440342903137
        ],
        [
            21920132,
            false,
            600.0
        ],
        [
            75492013,
            true,
            564.3927180767059
        ]
    ],
    "OMPL_RRTConnect": [
        [
            78543287,
            true,
            429.25679087638855
        ],
        [
            19802734,
            false,
            600.0
        ],
        [
            37485620,
            true,
            562.7728209495544
        ],
        [
            92013201,
            true,
            344.64258098602295
        ],
        [
            19491001,
            true,
            576.0992887020111
        ],
        [
            53011314,
            true,
            309.58360290527344
        ],
        [
            67081201,
            false,
            600.0
        ],
        [
            37475620,
            true,
            421.88813948631287
        ],
        [
            21920132,
            false,
            600.0
        ],
        [
            75492013,
            true,
            282.6231360435486
        ]
    ],
    "OMPL_PRM": [
        [
            78543287,
            false,
            600.0
        ],
        [
            19802734,
            false,
            600.0
        ],
        [
            37485620,
            false,
            600.0
        ],
        [
            92013201,
            false,
            600.0
        ],
        [
            19491001,
            false,
            600.0
        ],
        [
            53011314,
            true,
            521.7146348953247
        ],
        [
            67081201,
            false,
            600.0
        ],
        [
            37475620,
            false,
            600.0
        ],
        [
            21920132,
            false,
            600.0
        ],
        [
            75492013,
            false,
            600.0
        ]
    ],
    "OMPL_LazyRRT": [
        [
            78543287,
            false,
            600.0
        ],
        [
            19802734,
            false,
            600.0
        ],
        [
            37485620,
            false,
            600.0
        ],
        [
            92013201,
            false,
            600.0
        ],
        [
            19491001,
            false,
            600.0
        ],
        [
            53011314,
            false,
            600.0
        ],
        [
            67081201,
            false,
            600.0
        ],
        [
            37475620,
            false,
            600.0
        ],
        [
            21920132,
            false,
            600.0
        ],
        [
            75492013,
            false,
            600.0
        ]
    ],
    "OMPL_EST": [
        [
            78543287,
            false,
            600.0
        ],
        [
            19802734,
            false,
            600.0
        ],
        [
            37485620,
            false,
            600.0
        ],
        [
            92013201,
            false,
            600.0
        ],
        [
            19491001,
            false,
            600.0
        ],
        [
            53011314,
            false,
            600.0
        ],
        [
            67081201,
            false,
            600.0
        ],
        [
            37475620,
            false,
            600.0
        ],
        [
            21920132,
            false,
            600.0
        ],
        [
            75492013,
            false,
            600.0
        ]
    ],
    "OMPL_STRIDE": [
        [
            78543287,
            false,
            600.0
        ],
        [
            19802734,
            false,
            600.0
        ],
        [
            37485620,
            false,
            600.0
        ],
        [
            92013201,
            false,
            600.0
        ],
        [
            19491001,
            false,
            600.0
        ],
        [
            53011314,
            false,
            600.0
        ],
        [
            67081201,
            false,
            600.0
        ],
        [
            37475620,
            false,
            600.0
        ],
        [
            21920132,
            false,
            600.0
        ],
        [
            75492013,
            false,
            600.0
        ]
    ],
    "OMPL_BITstar": [
        [
            78543287,
            false,
            600.0
        ],
        [
            19802734,
            false,
            600.0
        ],
        [
            37485620,
            false,
            600.0
        ],
        [
            92013201,
            false,
            600.0
        ],
        [
            19491001,
            false,
            600.0
        ],
        [
            53011314,
            false,
            600.0
        ],
        [
            67081201,
            false,
            600.0
        ],
        [
            37475620,
            false,
            600.0
        ],
        [
            21920132,
            false,
            600.0
        ],
        [
            75492013,
            false,
            600.0
        ]
    ],
    "OMPL_EITstar": [
        [
            78543287,
            false,
            600.0
        ],
        [
            19802734,
            false,
            600.0
        ],
        [
            37485620,
            false,
            600.0
        ],
        [
            92013201,
            false,
            600.0
        ],
        [
            19491001,
            false,
            600.0
        ],
        [
            53011314,
            false,
            600.0
        ],
        [
            67081201,
            false,
            600.0
        ],
        [
            37475620,
            false,
            600.0
        ],
        [
            21920132,
            false,
            600.0
        ],
        [
            75492013,
            false,
            600.0
        ]
    ],
    "OMPL_BFMT": [
        [
            78543287,
            false,
            600.0
        ],
        [
            19802734,
            false,
            600.0
        ],
        [
            37485620,
            false,
            600.0
        ],
        [
            92013201,
            false,
            600.0
        ],
        [
            19491001,
            false,
            600.0
        ],
        [
            53011314,
            false,
            600.0
        ],
        [
            67081201,
            false,
            600.0
        ],
        [
            37475620,
            false,
            600.0
        ],
        [
            21920132,
            false,
            600.0
        ],
        [
            75492013,
            false,
            600.0
        ]
    ],