{
  "summary": {
    "trials": 10,
    "seed_start": 0,
    "max_time_per_attempt_s": 30.0,
    "counts": {
      "success": 10,
      "task_space_failure": 0,
      "collision_failure": 0
    },
    "success_rate": 1.0,
    "avg_runtime_s": 0.18621,
    "profile_means": {
      "collision_check_time_s": 0.00016021660703700036,
      "feature_time_s": 1.957919739652425e-05,
      "sample_time_s": 0.0015802542970050127,
      "nearest_time_s": 0.08004045613051858,
      "goal_test_time_s": 0.0017640263977227733,
      "extend_direct_time_s": 0.0010659418971044944,
      "extend_tree_time_s": 0.10068322537117638,
      "extend_goal_time_s": 8.708401583135129e-06,
      "attempts": 1.0,
      "iterations": 121.3,
      "nodes_created": 1385.0,
      "poses_checked": 1432.5,
      "collision_hits": 48.5
    }
  },
  "records": [
    {
      "seed": 0,
      "success": 1,
      "runtime_s": 0.0778,
      "category": "success",
      "planner_profile": {
        "attempts": 1,
        "iterations": 45,
        "nodes_created": 599,
        "poses_checked": 612,
        "collision_hits": 14,
        "collision_check_time_s": 0.0003884999896399677,
        "feature_time_s": 2.924998989328742e-05,
        "extend_direct_time_s": 0.0012866669858340174,
        "sample_time_s": 0.0012026250187773257,
        "nearest_time_s": 0.024699582892935723,
        "extend_tree_time_s": 0.04785296000773087,
        "goal_test_time_s": 0.0008672110852785408,
        "extend_goal_time_s": 1.2083008186891675e-05,
        "outcome": "success"
      },
      "collision_check_time_s": 0.000388,
      "feature_time_s": 2.9e-05,
      "sample_time_s": 0.001203,
      "nearest_time_s": 0.0247,
      "goal_test_time_s": 0.000867,
      "extend_direct_time_s": 0.001287,
      "extend_tree_time_s": 0.047853,
      "extend_goal_time_s": 1.2e-05,
      "attempts": 1.0,
      "iterations": 45.0,
      "nodes_created": 599.0,
      "poses_checked": 612.0,
      "collision_hits": 14.0
    },
    {
      "seed": 1,
      "success": 1,
      "runtime_s": 0.1616,
      "category": "success",
      "planner_profile": {
        "attempts": 1,
        "iterations": 112,
        "nodes_created": 1438,
        "poses_checked": 1477,
        "collision_hits": 40,
        "collision_check_time_s": 0.00011229200754314661,
        "feature_time_s": 1.7457990907132626e-05,
        "extend_direct_time_s": 0.0010313749953638762,
        "sample_time_s": 0.0013539597857743502,
        "nearest_time_s": 0.059977123921271414,
        "extend_tree_time_s": 0.0969887480023317,
        "goal_test_time_s": 0.001542838930618018,
        "extend_goal_time_s": 8.417002391070127e-06,
        "outcome": "success"
      },
      "collision_check_time_s": 0.000112,
      "feature_time_s": 1.7e-05,
      "sample_time_s": 0.001354,
      "nearest_time_s": 0.059977,
      "goal_test_time_s": 0.001543,
      "extend_direct_time_s": 0.001031,
      "extend_tree_time_s": 0.096989,
      "extend_goal_time_s": 8e-06,
      "attempts": 1.0,
      "iterations": 112.0,
      "nodes_created": 1438.0,
      "poses_checked": 1477.0,
      "collision_hits": 40.0
    },
    {
      "seed": 2,
      "success": 1,
      "runtime_s": 0.2894,
      "category": "success",
      "planner_profile": {
        "attempts": 1,
        "iterations": 146,
        "nodes_created": 1938,
        "poses_checked": 1983,
        "collision_hits": 46,
        "collision_check_time_s": 0.0002874999772757292,
        "feature_time_s": 2.1791987819597125e-05,
        "extend_direct_time_s": 0.0010742919985204935,
        "sample_time_s": 0.0026538802485447377,
        "nearest_time_s": 0.12536225328221917,
        "extend_tree_time_s": 0.15581733392900787,
        "goal_test_time_s": 0.0030465428135357797,
        "extend_goal_time_s": 1.7167010810226202e-05,
        "outcome": "success"
      },
      "collision_check_time_s": 0.000287,
      "feature_time_s": 2.2e-05,
      "sample_time_s": 0.002654,
      "nearest_time_s": 0.125362,
      "goal_test_time_s": 0.003047,
      "extend_direct_time_s": 0.001074,
      "extend_tree_time_s": 0.155817,
      "extend_goal_time_s": 1.7e-05,
      "attempts": 1.0,
      "iterations": 146.0,
      "nodes_created": 1938.0,
      "poses_checked": 1983.0,
      "collision_hits": 46.0
    },
    {
      "seed": 3,
      "success": 1,
      "runtime_s": 0.0635,
      "category": "success",
      "planner_profile": {
        "attempts": 1,
        "iterations": 53,
        "nodes_created": 690,
        "poses_checked": 711,
        "collision_hits": 22,
        "collision_check_time_s": 0.00011220804299227893,
        "feature_time_s": 2.008400042541325e-05,
        "extend_direct_time_s": 0.001143707981100306,
        "sample_time_s": 0.0007681670249439776,
        "nearest_time_s": 0.013668746978510171,
        "extend_tree_time_s": 0.04674291907576844,
        "goal_test_time_s": 0.0006550870311912149,
        "extend_goal_time_s": 1.1625001206994057e-05,
        "outcome": "success"
      },
      "collision_check_time_s": 0.000112,
      "feature_time_s": 2e-05,
      "sample_time_s": 0.000768,
      "nearest_time_s": 0.013669,
      "goal_test_time_s": 0.000655,
      "extend_direct_time_s": 0.001144,
      "extend_tree_time_s": 0.046743,
      "extend_goal_time_s": 1.2e-05,
      "attempts": 1.0,
      "iterations": 53.0,
      "nodes_created": 690.0,
      "poses_checked": 711.0,
      "collision_hits": 22.0
    },
    {
      "seed": 4,
      "success": 1,
      "runtime_s": 0.1341,
      "category": "success",
      "planner_profile": {
        "attempts": 1,
        "iterations": 101,
        "nodes_created": 1150,
        "poses_checked": 1194,
        "collision_hits": 45,
        "collision_check_time_s": 0.00014525000005960464,
        "feature_time_s": 2.0000006770715117e-05,
        "extend_direct_time_s": 0.0010461249912623316,
        "sample_time_s": 0.0013599559315480292,
        "nearest_time_s": 0.042825170035939664,
        "extend_tree_time_s": 0.08695708081359044,
        "goal_test_time_s": 0.0012221210345160216,
        "extend_goal_time_s": 7.540977094322443e-06,
        "outcome": "success"
      },
      "collision_check_time_s": 0.000145,
      "feature_time_s": 2e-05,
      "sample_time_s": 0.00136,
      "nearest_time_s": 0.042825,
      "goal_test_time_s": 0.001222,
      "extend_direct_time_s": 0.001046,
      "extend_tree_time_s": 0.086957,
      "extend_goal_time_s": 8e-06,
      "attempts": 1.0,
      "iterations": 101.0,
      "nodes_created": 1150.0,
      "poses_checked": 1194.0,
      "collision_hits": 45.0
    },
    {
      "seed": 5,
      "success": 1,
      "runtime_s": 0.0576,
      "category": "success",
      "planner_profile": {
        "attempts": 1,
        "iterations": 59,
        "nodes_created": 664,
        "poses_checked": 692,
        "collision_hits": 29,
        "collision_check_time_s": 0.00010375003330409527,
        "feature_time_s": 1.604200224392116e-05,
        "extend_direct_time_s": 0.0010292090009897947,
        "sample_time_s": 0.0004969179863110185,
        "nearest_time_s": 0.012735293188598007,
        "extend_tree_time_s": 0.04240637319162488,
        "goal_test_time_s": 0.0005607089551631361,
        "extend_goal_time_s": 5.209003575146198e-06,
        "outcome": "success"
      },
      "collision_check_time_s": 0.000104,
      "feature_time_s": 1.6e-05,
      "sample_time_s": 0.000497,
      "nearest_time_s": 0.012735,
      "goal_test_time_s": 0.000561,
      "extend_direct_time_s": 0.001029,
      "extend_tree_time_s": 0.042406,
      "extend_goal_time_s": 5e-06,
      "attempts": 1.0,
      "iterations": 59.0,
      "nodes_created": 664.0,
      "poses_checked": 692.0,
      "collision_hits": 29.0
    },
    {
      "seed": 6,
      "success": 1,
      "runtime_s": 0.0691,
      "category": "success",
      "planner_profile": {
        "attempts": 1,
        "iterations": 80,
        "nodes_created": 731,
        "poses_checked": 779,