{
    "BIRRT": [
        [
            78543287,
            true,
            238.44060730934143
        ],
        [
            19802734,
            true,
            34.30037021636963
        ],
        [
            37485620,
            true,
            39.75178599357605
        ],
        [
            92013201,
            true,
            48.591445207595825
        ],
        [
            19491001,
            true,
            10.781861305236816
        ],
        [
            53011314,
            true,
            541.0632925033569
        ],
        [
            67081201,
            true,
            17.637104511260986
        ],
        [
            37475620,
            true,
            470.3963758945465
        ],
        [
            21920132,
            true,
            241.2289776802063
        ],
        [
            75492013,
            true,
            44.55492830276489
        ]
    ],
    "cuRobo": [
        [
            78543287,
            false,
            600.0
        ],
        [
            19802734,
            false,
            600.0
        ],
        [
            37485620,
            false,
            600.0
        ],
        [
            92013201,
            false,
            600.0
        ],
        [
            19491001,
            false,
            600.0
        ],
        [
            53011314,
            false,
            600.0
        ],
        [
            67081201,
            false,
            600.0
        ],
        [
            37475620,
            false,
            600.0
        ],
        [
            21920132,
            false,
            600.0
        ],
        [
            75492013,
            false,
            600.0
        ]
    ],
    "TAMPOR": [
        [
            78543287,
            true,
            31.32110285758972
        ],
        [
            19802734,
            true,
            81.0
        ],
        [
            37485620,
            true,
            58.40111255645752
        ],
        [
            92013201,
            true,
            74.06514120101929
        ],
        [
            19491001,
            true,
            115.94604969024658
        ],
        [
            53011314,
            true,
            58.46967029571533
        ],
        [
            67081201,
            true,
            60.46000289916992
        ],
        [
            37475620,
            true,
            93.47421717643738
        ],
        [
            21920132,
            true,
            69.96061849594116
        ],
        [
            75492013,
            true,
            73.09366822242737
        ]
    ],
    "TAMPOR_wo_Prioritization": [
        [
            78543287,
            true,
            100.63346695899963
        ],
        [
            19802734,
            true,
            65.72952771186829
        ],
        [
            37485620,
            true,
            77.42616963386536
        ],
        [
            92013201,
            true,
            85.68181896209717
        ],
        [
            19491001,
            true,
            121.10854959487915
        ],
        [
            53011314,
            true,
            60.15341091156006
        ],
        [
            67081201,
            false,
            600.0
        ],
        [
            37475620,
            false,
            600.0
        ],
        [
            21920132,
            false,
            600.0
        ],
        [
            75492013,
            true,
            62.72487807273865
        ]
    ],
    "OMPL_RRTConnect": [
        [
            78543287,
            false,
            600.0
        ],
        [
            19802734,
            true,
            181.34291052818298
        ],
        [
            37485620,
            true,
            179.1594364643097
        ],
        [
            92013201,
            true,
            270.8225815296173
        ],
        [
            19491001,
            true,
            191.35964727401733
        ],
        [
            53011314,
            true,
            345.8339891433716
        ],
        [
            67081201,
            true,
            177.4897882938385
        ],
        [
            37475620,
            true,
            179.74557733535767
        ],
        [
            21920132,
            true,
            361.92528438568115
        ],
        [
            75492013,
            true,
            272.5004572868347
        ]
    ],
    "OMPL_PRM": [
        [
            78543287,
            false,
            600.0
        ],
        [
            19802734,
            false,
            600.0
        ],
        [
            37485620,
            false,
            600.0
        ],
        [
            92013201,
            false,
            600.0
        ],
        [
            19491001,
            false,
            600.0
        ],
        [
            53011314,
            false,
            600.0
        ],
        [
            67081201,
            false,
            600.0
        ],
        [
            37475620,
            false,
            600.0
        ],
        [
            21920132,
            false,
            600.0
        ],
        [
            75492013,
            false,
            600.0
        ]
    ],
    "OMPL_LazyRRT": [
        [
            78543287,
            false,
            600.0
        ],
        [
            19802734,
            false,
            600.0
        ],
        [
            37485620,
            false,
            600.0
        ],
        [
            92013201,
            false,
            600.0
        ],
        [
            19491001,
            false,
            600.0
        ],
        [
            53011314,
            false,
            600.0
        ],
        [
            67081201,
            false,
            600.0
        ],
        [
            37475620,
            false,
            600.0
        ],
        [
            21920132,
            false,
            600.0
        ],
        [
            75492013,
            false,
            600.0
        ]
    ],
    "OMPL_EST": [
        [
            78543287,
            false,
            600.0
        ],
        [
            19802734,
            false,
            600.0
        ],
        [
            37485620,
            false,
            600.0
        ],
        [
            92013201,
            false,
            600.0
        ],
        [
            19491001,
            false,
            600.0
        ],
        [
            53011314,
            false,
            600.0
        ],
        [
            67081201,
            false,
            600.0
        ],
        [
            37475620,
            false,
            600.0
        ],
        [
            21920132,
            false,
            600.0
        ],
        [
            75492013,
            false,
            600.0
        ]
    ],
    "OMPL_STRIDE": [
        [
            78543287,
            false,
            600.0
        ],
        [
            19802734,
            false,
            600.0
        ],
        [
            37485620,
            false,
            600.0
        ],
        [
            92013201,
            false,
            600.0
        ],
        [
            19491001,
            false,
            600.0
        ],
        [
            53011314,
            false,
            600.0
        ],
        [
            67081201,
            false,
            600.0
        ],
        [
            37475620,
            false,
            600.0
        ],
        [
            21920132,
            false,
            600.0
        ],
        [
            75492013,
            false,
            600.0
        ]
    ],