{
    "BIRRT": [
        [
            78543287,
            true,
            357.7605929374695
        ],
        [
            19802734,
            false,
            600.0
        ],
        [
            37485620,
            true,
            154.39073491096497
        ],
        [
            92013201,
            false,
            600.0
        ]
    ],
    "cuRobo": [
        [
            78543287,
            false,
            600.0
        ],
        [
            19802734,
            false,
            600.0
        ],
        [
            37485620,
            false,
            600.0
        ]
    ],
    "TAMPOR": [
        [
            78543287,
            true,
            119.04827761650085
        ],
        [
            19802734,
            false,
            600.0
        ],
        [
            37485620,
            true,
            216.2333538532257
        ],
        [
            92013201,
            true,
            347.2332000732422
        ],
        [
            19491001,
            true,
            122.17376971244812
        ],
        [
            53011314,
            true,
            191.36321115493774
        ],
        [
            67081201,
            true,
            161.33113741874695
        ],
        [
            37475620,
            true,
            222.97030925750732
        ],
        [
            21920132,
            true,
            190.4400589466095
        ],
        [
            75492013,
            true,
            78.77035355567932
        ]
    ],
    "OMPL_RRTConnect": [
        [
            78543287,
            false,
            600.0
        ],
        [
            19802734,
            false,
            600.0
        ],
        [
            37485620,
            true,
            251.91246008872986
        ],
        [
            92013201,
            true,
            418.8984615802765
        ],
        [
            19491001,
            true,
            197.25126147270203
        ],
        [
            53011314,
            true,
            180.15549731254578
        ],
        [
            67081201,
            true,
            246.1195511817932
        ],
        [
            37475620,
            true,
            291.5938022136688
        ],
        [
            21920132,
            true,
            368.7770268917084
        ],
        [
            75492013,
            true,
            149.9148178100586
        ]
    ],
    "OMPL_PRM": [
        [
            78543287,
            false,
            600.0
        ],
        [
            19802734,
            false,
            600.0
        ],
        [
            37485620,
            false,
            600.0
        ],
        [
            92013201,
            false,
            600.0
        ],
        [
            19491001,
            false,
            600.0
        ],
        [
            53011314,
            false,
            600.0
        ],
        [
            67081201,
            false,
            600.0
        ],
        [
            37475620,
            false,
            600.0
        ],
        [
            21920132,
            false,
            600.0
        ],
        [
            75492013,
            false,
            600.0
        ]
    ],
    "OMPL_LazyRRT": [
        [
            78543287,
            false,
            600.0
        ],
        [
            19802734,
            false,
            600.0
        ],
        [
            37485620,
            false,
            600.0
        ],
        [
            92013201,
            false,
            600.0
        ],
        [
            19491001,
            false,
            600.0
        ],
        [
            53011314,
            false,
            600.0
        ],
        [
            67081201,
            false,
            600.0
        ],
        [
            37475620,
            false,
            600.0
        ],
        [
            21920132,
            false,
            600.0
        ],
        [
            75492013,
            false,
            600.0
        ]
    ],
    "OMPL_EST": [
        [
            78543287,
            false,
            600.0
        ],
        [
            19802734,
            false,
            600.0
        ],
        [
            37485620,
            false,
            600.0
        ],
        [
            92013201,
            false,
            600.0
        ],
        [
            19491001,
            false,
            600.0
        ],
        [
            53011314,
            false,
            600.0
        ],
        [
            67081201,
            false,
            600.0
        ],
        [
            37475620,
            false,
            600.0
        ],
        [
            21920132,
            false,
            600.0
        ],
        [
            75492013,
            false,
            600.0
        ]
    ],
    "OMPL_STRIDE": [
        [
            78543287,
            false,
            600.0
        ],
        [
            19802734,
            false,
            600.0
        ],
        [
            37485620,
            false,
            600.0
        ],
        [
            92013201,
            false,
            600.0
        ],
        [
            19491001,
            false,
            600.0
        ],
        [
            53011314,
            false,
            600.0
        ],
        [
            67081201,
            false,
            600.0
        ],
        [
            37475620,
            false,
            600.0
        ],
        [
            21920132,
            false,
            600.0
        ],
        [
            75492013,
            false,
            600.0
        ]
    ],
    "OMPL_BITstar": [
        [
            78543287,
            false,
            600.0
        ],
        [
            19802734,
            false,
            600.0
        ],
        [
            37485620,
            false,
            600.0
        ],
        [
            92013201,
            false,
            600.0
        ],
        [
            19491001,
            false,
            600.0
        ],
        [
            53011314,
            false,
            600.0
        ],
        [
            67081201,
            false,
            600.0
        ],
        [
            37475620,
            false,
            600.0
        ],
        [
            21920132,
            false,
            600.0
        ],
        [
            75492013,
            false,
            600.0
        ]
    ],
    "OMPL_EITstar": [
        [
            78543287,
            false,
            600.0
        ],
        [
            19802734,
            false,
            600.0
        ],
        [
            37485620,
            false,
            600.0
        ],
        [
            92013201,
            false,
            600.0
        ],
        [
            19491001,
            false,
            600.0
        ],
        [
            53011314,
            false,
            600.0
        ],
        [
            67081201,
            false,
            600.0
        ],
        [
            37475620,
            false,
            600.0
        ],
        [
            21920132,
            false,
            600.0
        ],
        [
            75492013,
            false,
            600.0
        ]
    ],