{
    "BIRRT": [],
    "cuRobo": [
        [
            78543287,
            false,
            600.0
        ],
        [
            19802734,
            false,
            600.0
        ],
        [
            37485620,
            false,
            600.0
        ],
        [
            92013201,
            false,
            600.0
        ],
        [
            19491001,
            false,
            600.0
        ],
        [
            53011314,
            false,
            600.0
        ],
        [
            67081201,
            false,
            600.0
        ],
        [
            37475620,
            false,
            600.0
        ],
        [
            21920132,
            false,
            600.0
        ],
        [
            75492013,
            false,
            600.0
        ]
    ],
    "TAMPOR": [
        [
            19802734,
            true,
            165.87882924079895
        ],
        [
            37485620,
            true,
            160.92683291435242
        ],
        [
            92013201,
            true,
            207.24025964736938
        ],
        [
            19491001,
            true,
            166.77127933502197
        ],
        [
            78543287,
            true,
            185.36823201179504
        ],
        [
            53011314,
            true,
            118.9464979171753
        ],
        [
            37475620,
            true,
            205.58044576644897
        ],
        [
            75492013,
            true,
            196.53673124313354
        ],
        [
            67081201,
            true,
            172.78398871421814
        ],
        [
            21920132,
            true,
            150.89995646476746
        ]
    ],
    "TAMPOR_wo_Prioritization": [
        [
            78543287,
            true,
            283.85419511795044
        ],
        [
            19802734,
            true,
            105.95081424713135
        ],
        [
            37485620,
            true,
            191.42525386810303
        ],
        [
            92013201,
            false,
            600.0
        ],
        [
            19491001,
            true,
            124.3809540271759
        ],
        [
            53011314,
            true,
            173.28804397583008
        ],
        [
            67081201,
            true,
            77.56003999710083
        ],
        [
            37475620,
            true,
            183.40930604934692
        ],
        [
            21920132,
            false,
            600.0
        ],
        [
            75492013,
            true,
            78.89732670783997
        ]
    ],
    "OMPL_RRTConnect": [
        [
            78543287,
            true,
            270.58611702919006
        ],
        [
            19802734,
            true,
            412.02259492874146
        ],
        [
            37485620,
            false,
            600.0
        ],
        [
            92013201,
            true,
            318.14519810676575
        ],
        [
            19491001,
            true,
            437.0617661476135
        ],
        [
            53011314,
            true,
            295.5303432941437
        ],
        [
            67081201,
            true,
            271.5248637199402
        ],
        [
            37475620,
            true,
            461.3632688522339
        ],
        [
            21920132,
            true,
            300.65132117271423
        ],
        [
            75492013,
            false,
            600.0
        ]
    ],
    "OMPL_PRM": [
        [
            78543287,
            false,
            600.0
        ],
        [
            19802734,
            false,
            600.0
        ],
        [
            37485620,
            false,
            600.0
        ],
        [
            92013201,
            false,
            600.0
        ],
        [
            19491001,
            false,
            600.0
        ],
        [
            53011314,
            false,
            600.0
        ],
        [
            67081201,
            false,
            600.0
        ],
        [
            37475620,
            false,
            600.0
        ],
        [
            21920132,
            false,
            600.0
        ],
        [
            75492013,
            false,
            600.0
        ]
    ],
    "OMPL_LazyRRT": [
        [
            78543287,
            false,
            600.0
        ],
        [
            19802734,
            false,
            600.0
        ],
        [
            37485620,
            false,
            600.0
        ],
        [
            92013201,
            false,
            600.0
        ],
        [
            19491001,
            false,
            600.0
        ],
        [
            53011314,
            false,
            600.0
        ],
        [
            67081201,
            false,
            600.0
        ],
        [
            37475620,
            false,
            600.0
        ],
        [
            21920132,
            false,
            600.0
        ],
        [
            75492013,
            false,
            600.0
        ]
    ],
    "OMPL_EST": [
        [
            78543287,
            false,
            600.0
        ],
        [
            19802734,
            false,
            600.0
        ],
        [
            37485620,
            false,
            600.0
        ],
        [
            92013201,
            false,
            600.0
        ],
        [
            19491001,
            false,
            600.0
        ],
        [
            53011314,
            false,
            600.0
        ],
        [
            67081201,
            false,
            600.0
        ],
        [
            37475620,
            false,
            600.0
        ],
        [
            21920132,
            false,
            600.0
        ],
        [
            75492013,
            false,
            600.0
        ]
    ],
    "OMPL_STRIDE": [
        [
            78543287,
            false,
            600.0
        ],
        [
            19802734,
            false,
            600.0
        ],
        [
            37485620,
            false,
            600.0
        ],
        [
            92013201,
            false,
            600.0
        ],
        [
            19491001,
            false,
            600.0
        ],
        [
            53011314,
            false,
            600.0
        ],
        [
            67081201,
            false,
            600.0
        ],
        [
            37475620,
            false,
            600.0
        ],
        [
            21920132,
            false,
            600.0
        ],
        [
            75492013,
            false,
            600.0
        ]
    ],
    "OMPL_BITstar": [
        [
            78543287,
            false,
            600.0
        ],
        [
            19802734,
            false,
            600.0
        ],
        [
            37485620,
            false,
            600.0
        ],
        [
            92013201,
            false,
            600.0
        ],
        [
            19491001,
            false,
            600.0
        ],
        [
            53011314,
            false,
            600.0
        ],
        [
            67081201,
            false,
            600.0
        ],
        [
            37475620,
            false,
            600.0
        ],
        [
            21920132,
            false,
            600.0
        ],
        [
            75492013,
            false,
            600.0
        ]
    ],