{
    "BIRRT": [],
    "cuRobo": [],
    "TAMPOR": [],
    "TAMPOR_a_1.0_b_2.0_y_3.0": [
        [
            78543287,
            true,
            310.4542672634125
        ],
        [
            19802734,
            true,
            295.2850182056427
        ],
        [
            37485620,
            true,
            233.55400776863098
        ],
        [
            92013201,
            true,
            213.3619213104248
        ],
        [
            19491001,
            true,
            221.808753490448
        ],
        [
            53011314,
            true,
            177.05582880973816
        ],
        [
            67081201,
            true,
            291.49826884269714
        ],
        [
            37475620,
            false,
            600.0
        ],
        [
            21920132,
            true,
            263.44849014282227
        ],
        [
            75492013,
            true,
            264.2704813480377
        ]
    ],
    "OMPL_RRTConnect": [
        [
            78543287,
            true,
            438.4432964324951
        ],
        [
            19802734,
            true,
            420.7989625930786
        ],
        [
            37485620,
            true,
            451.01262879371643
        ],
        [
            92013201,
            false,
            600.0
        ],
        [
            19491001,
            true,
            389.58905243873596
        ],
        [
            53011314,
            true,
            409.070743560791
        ],
        [
            67081201,
            true,
            540.3472073078156
        ],
        [
            37475620,
            true,
            393.71950006484985
        ],
        [
            21920132,
            true,
            435.3840854167938
        ],
        [
            75492013,
            false,
            600.0
        ]
    ],
    "OMPL_PRM": [
        [
            78543287,
            false,
            600.0
        ],
        [
            19802734,
            false,
            600.0
        ],
        [
            37485620,
            false,
            600.0
        ],
        [
            92013201,
            false,
            600.0
        ],
        [
            19491001,
            false,
            600.0
        ],
        [
            53011314,
            false,
            600.0
        ],
        [
            67081201,
            false,
            600.0
        ],
        [
            37475620,
            false,
            600.0
        ],
        [
            21920132,
            false,
            600.0
        ],
        [
            75492013,
            false,
            600.0
        ]
    ],
    "OMPL_LazyRRT": [
        [
            78543287,
            false,
            600.0
        ],
        [
            19802734,
            false,
            600.0
        ],
        [
            37485620,
            false,
            600.0
        ],
        [
            92013201,
            false,
            600.0
        ],
        [
            19491001,
            false,
            600.0
        ],
        [
            53011314,
            false,
            600.0
        ],
        [
            67081201,
            false,
            600.0
        ],
        [
            37475620,
            false,
            600.0
        ],
        [
            21920132,
            false,
            600.0
        ]
    ],
    "OMPL_EST": [
        [
            78543287,
            false,
            600.0
        ],
        [
            19802734,
            false,
            600.0
        ],
        [
            37485620,
            false,
            600.0
        ],
        [
            92013201,
            false,
            600.0
        ],
        [
            19491001,
            false,
            600.0
        ],
        [
            53011314,
            false,
            600.0
        ],
        [
            67081201,
            false,
            600.0
        ],
        [
            37475620,
            false,
            600.0
        ],
        [
            21920132,
            false,
            600.0
        ]
    ],
    "OMPL_STRIDE": [
        [
            78543287,
            false,
            600.0
        ],
        [
            19802734,
            false,
            600.0
        ],
        [
            37485620,
            false,
            600.0
        ],
        [
            92013201,
            false,
            600.0
        ],
        [
            19491001,
            false,
            600.0
        ],
        [
            53011314,
            false,
            600.0
        ],
        [
            67081201,
            false,
            600.0
        ],
        [
            37475620,
            false,
            600.0
        ],
        [
            21920132,
            false,
            600.0
        ]
    ],
    "OMPL_BITstar": [
        [
            78543287,
            false,
            600.0
        ],
        [
            19802734,
            false,
            600.0
        ],
        [
            37485620,
            false,
            600.0
        ],
        [
            92013201,
            false,
            600.0
        ],
        [
            19491001,
            false,
            600.0
        ],
        [
            53011314,
            false,
            600.0
        ],
        [
            67081201,
            false,
            600.0
        ],
        [
            37475620,
            false,
            600.0
        ],
        [
            21920132,
            false,
            600.0
        ]
    ],
    "OMPL_EITstar": [
        [
            78543287,
            false,
            600.0
        ],
        [
            19802734,
            false,
            600.0
        ],
        [
            37485620,
            false,
            600.0
        ],
        [
            92013201,
            false,
            600.0
        ],
        [
            19491001,
            false,
            600.0
        ],
        [
            53011314,
            false,
            600.0
        ],
        [
            67081201,
            false,
            600.0
        ],
        [
            37475620,
            false,
            600.0
        ],
        [
            21920132,
            false,
            600.0
        ]
    ],
    "OMPL_BFMT": [
        [
            78543287,
            false,
            600.0
        ],
        [
            19802734,
            false,
            600.0
        ],
        [
            37485620,
            false,
            600.0
        ],
        [
            92013201,
            false,
            600.0
        ],
        [
            19491001,
            false,
            600.0
        ],
        [
            53011314,
            false,
            600.0
        ],
        [
            67081201,
            false,
            600.0
        ],
        [
            37475620,
            false,
            600.0
        ],
        [
            21920132,
            false,
            600.0
        ]
    ],