{
    "BIRRT": [
        [
            19802734,
            true,
            332.81737637519836
        ],
        [
            67081201,
            true,
            149.0172131061554
        ],
        [
            78543287,
            false,
            600.0
        ],
        [
            37485620,
            false,
            600.0
        ],
        [
            92013201,
            true,
            18.100017070770264
        ],
        [
            19491001,
            true,
            332.26390409469604
        ],
        [
            53011314,
            false,
            600.0
        ],
        [
            37475620,
            false,
            600.0
        ],
        [
            21920132,
            true,
            110.572274684906
        ],
        [
            75492013,
            true,
            54.17343831062317
        ]
    ],
    "cuRobo": [
        [
            78543287,
            false,
            600.0
        ],
        [
            19802734,
            false,
            600.0
        ],
        [
            37485620,
            false,
            600.0
        ],
        [
            92013201,
            false,
            600.0
        ],
        [
            19491001,
            false,
            600.0
        ],
        [
            53011314,
            false,
            600.0
        ],
        [
            67081201,
            false,
            600.0
        ],
        [
            37475620,
            false,
            600.0
        ],
        [
            21920132,
            false,
            600.0
        ],
        [
            75492013,
            false,
            600.0
        ]
    ],
    "TAMPOR": [
        [
            78543287,
            true,
            90.55498909950256
        ],
        [
            19802734,
            false,
            600.0
        ],
        [
            37485620,
            true,
            95.82456278800964
        ],
        [
            92013201,
            true,
            183.41709661483765
        ],
        [
            19491001,
            true,
            87.91272687911987
        ],
        [
            53011314,
            true,
            589.0326328277588
        ],
        [
            67081201,
            true,
            66.56927347183228
        ],
        [
            37475620,
            true,
            170.22196769714355
        ],
        [
            21920132,
            true,
            344.9398386478424
        ],
        [
            75492013,
            true,
            353.8410439491272
        ]
    ],
    "OMPL_RRTConnect": [
        [
            78543287,
            false,
            600.0
        ],
        [
            19802734,
            true,
            136.16760921478271
        ],
        [
            37485620,
            true,
            175.16362500190735
        ],
        [
            92013201,
            true,
            203.20101284980774
        ],
        [
            19491001,
            false,
            600.0
        ],
        [
            53011314,
            true,
            171.63145685195923
        ],
        [
            67081201,
            false,
            600.0
        ],
        [
            37475620,
            false,
            600.0
        ],
        [
            21920132,
            true,
            148.87820482254028
        ],
        [
            75492013,
            true,
            121.98480129241943
        ]
    ],
    "OMPL_PRM": [
        [
            78543287,
            false,
            600.0
        ],
        [
            19802734,
            false,
            600.0
        ],
        [
            37485620,
            false,
            600.0
        ],
        [
            92013201,
            false,
            600.0
        ],
        [
            19491001,
            false,
            600.0
        ],
        [
            53011314,
            false,
            600.0
        ],
        [
            67081201,
            false,
            600.0
        ],
        [
            37475620,
            false,
            600.0
        ],
        [
            21920132,
            false,
            600.0
        ],
        [
            75492013,
            true,
            238.0233223438263
        ]
    ],
    "OMPL_LazyRRT": [
        [
            78543287,
            false,
            600.0
        ],
        [
            19802734,
            false,
            600.0
        ],
        [
            37485620,
            false,
            600.0
        ],
        [
            92013201,
            false,
            600.0
        ],
        [
            19491001,
            false,
            600.0
        ],
        [
            53011314,
            false,
            600.0
        ],
        [
            67081201,
            false,
            600.0
        ],
        [
            37475620,
            false,
            600.0
        ],
        [
            21920132,
            false,
            600.0
        ],
        [
            75492013,
            false,
            600.0
        ]
    ],
    "OMPL_EST": [
        [
            78543287,
            false,
            600.0
        ],
        [
            19802734,
            false,
            600.0
        ],
        [
            37485620,
            false,
            600.0
        ],
        [
            92013201,
            false,
            600.0
        ],
        [
            19491001,
            false,
            600.0
        ],
        [
            53011314,
            false,
            600.0
        ],
        [
            67081201,
            false,
            600.0
        ],
        [
            37475620,
            false,
            600.0
        ],
        [
            21920132,
            false,
            600.0
        ],
        [
            75492013,
            false,
            600.0
        ]
    ],
    "OMPL_STRIDE": [
        [
            78543287,
            false,
            600.0
        ],
        [
            19802734,
            false,
            600.0
        ],
        [
            37485620,
            false,
            600.0
        ],
        [
            92013201,
            false,
            600.0
        ],
        [
            19491001,
            false,
            600.0
        ],
        [
            53011314,
            false,
            600.0
        ],
        [
            67081201,
            false,
            600.0
        ],
        [
            37475620,
            false,
            600.0
        ],
        [
            21920132,
            false,
            600.0
        ],
        [
            75492013,
            false,
            600.0
        ]
    ],
    "OMPL_BITstar": [
        [
            78543287,
            false,
            600.0
        ],
        [
            19802734,
            false,
            600.0
        ],
        [
            37485620,
            false,
            600.0
        ],
        [
            92013201,
            false,
            600.0
        ],
        [
            19491001,
            false,
            600.0
        ],
        [
            53011314,
            false,
            600.0
        ],
        [
            67081201,
            false,
            600.0
        ],
        [
            37475620,
            false,
            600.0
        ],
        [
            21920132,
            false,
            600.0
        ],
        [
            75492013,
            false,
            600.0
        ]
    ],